Date,Low,Open,Volume,High,Close,Adjusted Close
2/1/2019,40.45540619,40.91081619,26430315,41.27134705,41.0341568,35.73406219
3/1/2019,39.80075836,41.02466965,28503533,41.11954498,39.88614655,34.73432922
4/1/2019,40.09487534,40.26565552,27145348,41.12903214,40.79696274,35.52750778
7/1/2019,40.66413879,40.86337662,20995469,41.3852005,41.01517868,35.71754074
8/1/2019,40.93927765,41.32827377,19677231,41.46110153,41.20493317,35.88277817
9/1/2019,40.98671722,41.23339844,20107580,41.43263626,41.11954498,35.8084259
10/1/2019,39.87665939,41.00569153,39731162,41.01517868,40.14231491,34.95741272
11/1/2019,39.99051285,40.16128922,21064506,40.6831131,40.6831131,35.4283638
14/01/2019,40.00948715,40.37001801,17605173,40.44591904,40.19924164,35.00698471
15/01/2019,40.25616837,40.41745758,25865371,41.02466965,40.54079819,35.3044281
16/01/2019,39.87665939,40.40797043,30169380,40.5977211,39.95256042,34.79217529
17/01/2019,39.68690872,39.80075836,24177284,40.47438431,40.29411697,35.08961105
18/01/2019,40.09487534,40.66413879,38618455,40.6831131,40.3510437,35.13919449
22/01/2019,39.78178406,40.23719025,29444122,40.50284576,40.10436249,34.92436218
23/01/2019,39.4212532,39.83871078,24462813,40.03795242,40,34.83348083
24/01/2019,38.53889847,39.63946915,34394023,39.6489563,38.85199356,33.83375931
25/01/2019,38.43453598,38.99430847,35862455,39.13662338,38.55787659,33.57762909
28/01/2019,37.45730591,38.42504883,39329694,38.45351028,37.50474548,32.66052628
29/01/2019,37.44781876,37.47628021,51376808,38.75711441,38.68121338,33.68503952
30/01/2019,38.64326477,38.68121338,36067880,39.61100769,39.44971466,34.35426712
31/01/2019,39.23149872,39.25996017,40927452,40.43643188,40.27514267,35.37940598
1/2/2019,40.37001801,40.67362213,27239681,40.91081619,40.6831131,35.73778534
4/2/2019,39.81024551,40.64516068,19426485,40.64516068,40.26565552,35.37106705
5/2/2019,39.90512466,40.25616837,21127641,40.54079819,39.95256042,35.09603119
6/2/2019,39.6489563,39.77229691,16450410,40.19924164,40.16128922,35.27938843
7/2/2019,39.09867096,39.95256042,24248008,39.99051285,39.56356812,34.75432205
8/2/2019,39.36432648,39.4022789,27500125,40.07590103,40.06641388,35.19604874
11/2/2019,39.38330078,40.11385345,27102134,40.14231491,39.54459381,34.73765945
12/2/2019,39.26945114,39.57305527,30540177,39.85768509,39.72485733,34.89600754
13/02/2019,39.26945114,39.77229691,24757195,39.90512466,39.56356812,34.75432205
14/02/2019,39.48766708,39.56356812,19864949,39.96204758,39.81973267,34.97935104
15/02/2019,39.92409897,40.20872879,19168993,40.3320694,40.22770309,35.33772278
19/02/2019,40.02846146,40.07590103,24432985,40.66413879,40.41745758,35.50442123
20/02/2019,39.78178406,40.3510437,27354884,40.37950516,40.03795242,35.1710434
21/02/2019,39.71537018,39.86717224,19611883,40.15180206,39.9810257,35.1210289
22/02/2019,40.05692673,40.13282776,24779329,40.92030334,40.75901413,35.80445099
25/02/2019,40.74003983,40.83491516,25274815,41.14800644,40.87286377,35.90446091
26/02/2019,40.60721207,40.75901413,16548959,41.01517868,40.81594086,35.85445786
27/02/2019,40.61669922,40.77798843,16475074,41.00569153,40.73054886,35.77944565
28/02/2019,40.67362213,40.74952698,39002427,41.53700256,41.12903214,36.12949753
1/3/2019,41.07210541,41.37571335,26667781,41.54648972,41.13851929,36.13782883
4/3/2019,40.6831131,41.21442032,22805820,41.35673523,40.86337662,35.89612961
5/3/2019,40.65464783,40.88235474,26529812,41.0341568,40.69260025,35.74611282
6/3/2019,39.48766708,40.62618637,22410359,40.67362213,39.71537018,34.88767242
7/3/2019,39.13662338,39.71537018,29046132,39.74383163,39.26945114,34.49595261
8/3/2019,38.27324677,39.21252441,31306119,39.3168869,38.79506683,34.07923508
11/3/2019,38.70967865,38.99430847,29161545,39.39278793,39.37381363,34.58763885
12/3/2019,39.25047302,39.56356812,24170539,39.77229691,39.59202957,34.77932358
13/03/2019,39.4212532,39.72485733,23715316,39.97153854,39.85768509,35.01268768
14/03/2019,39.02276993,39.84819794,32119596,39.92409897,39.07969666,34.32926941
15/03/2019,38.76660156,39.11764526,74768652,39.73434448,39.63946915,34.82099533
18/03/2019,39.51612854,39.62998199,18994345,39.91461182,39.6679306,34.84601212
19/03/2019,39.61100769,39.81973267,26403227,40.25616837,40.13282776,35.25437927
20/03/2019,39.63946915,40.03795242,23499035,40.22770309,40.00948715,35.14604187
21/03/2019,39.72485733,39.78178406,24262553,40.45540619,40.18026733,35.29605484
22/03/2019,39.68690872,40.03795242,19620105,40.43643188,39.70588303,34.87934494
25/03/2019,39.53510284,39.6679306,19823316,39.99051285,39.74383163,34.91267395
26/03/2019,39.97153854,40.03795242,20849279,40.51233292,40.2466774,35.35439682
27/03/2019,39.77229691,40.17077637,19455048,40.45540619,39.86717224,35.0210228
28/03/2019,39.90512466,40.0189743,16915541,40.19924164,40.12334061,35.24606323
29/03/2019,40.02846146,40.22770309,21681834,40.39848328,40.29411697,35.39606857
1/4/2019,40.37001801,40.39848328,20345046,40.74003983,40.64516068,35.70444489
2/4/2019,40.55028534,40.74952698,18625129,40.96774292,40.71157455,35.76277924
3/4/2019,40.37001801,40.78747559,16200402,40.86337662,40.64516068,35.70444489
4/4/2019,40.32258224,40.5977211,12990972,40.72106171,40.55028534,35.62109756
5/4/2019,40.69260025,40.77798843,15559043,41.06261826,40.78747559,35.82946014
8/4/2019,40.71157455,40.86337662,15410323,41.06261826,40.9297905,35.9544754
9/4/2019,40.39848328,40.77798843,18825072,40.79696274,40.64516068,35.70444489
10/4/2019,40.46489716,40.72106171,13202615,40.72106171,40.54079819,35.61276245
11/4/2019,39.83871078,40.5977211,20214877,40.63567352,40.10436249,35.22937393
12/4/2019,39.44971466,40.17077637,21338546,40.17077637,39.57305527,34.76265717
15/04/2019,39.34535217,39.71537018,18362788,39.96204758,39.93358612,35.07936096
16/04/2019,38.73814011,40.05692673,27506976,40.13282776,38.82352829,34.10424423
17/04/2019,37.37191772,38.80455399,42412117,38.89942932,37.83681107,33.23747253
18/04/2019,36.45161438,37.88425064,50579774,37.88425064,37.36243057,32.82074738
22/04/2019,36.82163239,37.03036118,31018904,37.47628021,36.9829216,32.48737717
23/04/2019,36.88804626,37.0872879,26672102,37.60910797,37.40037918,32.85408401
24/04/2019,37.15370178,37.47628021,21196994,37.60910797,37.35293961,32.81241608
25/04/2019,37.16318893,37.23908997,18130065,37.78937531,37.58064651,33.01243591
26/04/2019,37.42884445,37.63756943,20053193,37.94117737,37.92219925,33.31248093
29/04/2019,37.5616684,37.92219925,23229001,37.96963882,37.5616684,32.99577332
30/04/2019,37.76091003,38.33016968,34360400,39.0702095,38.52941132,33.8458786
1/5/2019,38.11195374,38.51043701,20703406,38.82352829,38.68121338,33.97922897
2/5/2019,38.50094986,38.7191658,20471210,38.91840744,38.90891647,34.17924881
3/5/2019,38.92789459,39.10815811,18664759,39.37381363,39.26945114,34.49595261
6/5/2019,38.74762726,38.81404114,25973406,39.62998199,39.51612854,34.71265793
7/5/2019,38.42504883,39.26945114,27603838,39.57305527,38.73814011,34.02923965
8/5/2019,38.3681221,38.70967865,23811968,38.92789459,38.85199356,34.12925339
9/5/2019,38.16888046,38.23529434,19732461,38.74762726,38.55787659,34.17129135
10/5/2019,37.82732391,38.54838562,17391527,38.72865295,38.63377762,34.23855209
13/05/2019,38.09297943,38.16888046,28010788,38.56736374,38.49146271,34.11243439
14/05/2019,38.48197174,38.51043701,26772759,38.77609253,38.57685089,34.18810272
15/05/2019,38.6147995,38.76660156,33520678,39.17457199,39.04174423,34.6001091
16/05/2019,39.04174423,39.04174423,25508486,39.82922363,39.50664139,35.01212311
17/05/2019,39.13662338,39.18405914,29187684,39.6679306,39.34535217,34.86918259
20/05/2019,39.16508484,39.27893829,24251591,39.57305527,39.45920181,34.97008514
21/05/2019,39.36432648,39.57305527,28785056,39.6679306,39.53510284,35.03733826
22/05/2019,39.4212532,39.55408096,25274604,40.04743958,39.83871078,35.30640411
23/05/2019,39.51612854,39.69639587,25495944,39.82922363,39.77229691,35.24755478
24/05/2019,39.72485733,39.90512466,15383341,40.14231491,39.80075836,35.27276993
28/05/2019,39.74383163,39.99051285,49440610,40.30360413,39.7533226,35.23073959
29/05/2019,39.16508484,39.56356812,26895761,39.69639587,39.58254242,35.07938385
30/05/2019,39.44971466,39.54459381,17344308,39.80075836,39.7533226,35.23073959
31/05/2019,39.32637787,39.55408096,22639288,39.82922363,39.39278793,34.91122055
3/6/2019,39.44022751,39.49715424,22643082,40.02846146,39.77229691,35.24755478
4/6/2019,39.88614655,40.30360413,18453537,40.55977249,40.06641388,35.50820923
5/6/2019,40.23719025,40.41745758,21418861,40.64516068,40.30360413,35.71841049
6/6/2019,40.30360413,40.60721207,24494222,40.88235474,40.52182388,35.91180801
7/6/2019,40.66413879,40.77798843,20023470,41.0341568,40.72106171,36.08837891
10/6/2019,40.48387146,41.02466965,15275727,41.02466965,40.86337662,36.21450043
11/6/2019,40.37001801,40.98671722,18813162,41.08159256,40.48387146,35.87817383
12/6/2019,40.28462982,40.29411697,16296843,40.95825577,40.87286377,36.22290421
13/06/2019,40.19924164,40.86337662,14464042,40.9297905,40.32258224,35.73523331
14/06/2019,40.30360413,40.34155655,13197872,40.67362213,40.56925964,35.95384598
17/06/2019,40.18026733,40.51233292,14094931,40.7020874,40.6831131,36.05474854
18/06/2019,40.62618637,40.62618637,22833434,41.11005783,40.86337662,36.21450043
19/06/2019,40.88235474,40.95825577,21753611,41.35673523,41.27134705,36.57605743
20/06/2019,41.2808342,41.58443832,23500300,41.85009384,41.36622238,36.66013336
21/06/2019,41.09108353,41.31878662,38141203,41.74573135,41.43263626,36.71899796
24/06/2019,41.24288559,41.45161438,24624075,41.6508522,41.51802826,36.79467773
25/06/2019,41.51802826,41.60341644,28429015,42.02087402,41.51802826,36.79467773
26/06/2019,40.32258224,41.44212341,41009348,41.55597687,40.78747559,36.14723969
27/06/2019,40.8064537,40.81594086,21994977,41.32827377,41.20493317,36.51719666
28/06/2019,40.77798843,41.22390747,39726209,41.48007584,41.10057068,36.42470551
1/7/2019,41.11954498,41.2808342,21341392,41.6318779,41.52751541,36.80308151
2/7/2019,41.42314911,41.44212341,16541898,41.95446014,41.95446014,37.18145752
3/7/2019,41.72675323,42.09677505,10297580,42.27703857,42.12523651,37.33280563
5/7/2019,41.53700256,42.03984833,18295227,42.07780075,41.66983032,36.92920685
8/7/2019,40.77798843,41.55597687,23955312,41.62239075,41.08159256,36.40789413
9/7/2019,41.08159256,41.19544601,14223308,41.55597687,41.14800644,36.46674728
10/7/2019,41.21442032,41.41366196,15298599,41.85009384,41.80265808,37.04692459
11/7/2019,40.20872879,41.10057068,38383518,41.32827377,40.77798843,36.13882446
12/7/2019,39.85768509,40.71157455,33580967,40.78747559,40.22770309,35.65113831
15/07/2019,40.07590103,40.10436249,20363912,40.5787468,40.55977249,35.94543839
16/07/2019,40.30360413,40.5977211,19553386,40.76850128,40.65464783,36.02951813
17/07/2019,40.54079819,40.88235474,16341532,40.97723007,40.55028534,35.93702698
18/07/2019,40.37001801,40.66413879,13728877,40.85388947,40.85388947,36.20609283
19/07/2019,40.5787468,40.97723007,23552579,40.99620438,40.5787468,35.96224976
22/07/2019,40.37001801,40.63567352,12552086,40.81594086,40.62618637,36.00429916
23/07/2019,40.55977249,40.65464783,19586904,41.01517868,40.88235474,36.23132324
24/07/2019,40.19924164,40.79696274,18117838,40.79696274,40.69260025,36.0631485
25/07/2019,40.3510437,40.63567352,17514634,40.79696274,40.48387146,35.87817383
26/07/2019,40.25616837,40.47438431,21062187,40.95825577,40.88235474,36.23132324
29/07/2019,39.22201157,40.00948715,64559186,40.79696274,39.32637787,34.85236359
30/07/2019,36.62239075,37.78937531,95739668,38.17836761,36.80265808,32.61575317
31/07/2019,36.53700256,36.62239075,56309423,37.63756943,36.85009384,32.65779495
1/8/2019,35.74952698,36.34724808,51624920,36.64136505,36.29032135,32.46260071
2/8/2019,35.81594086,36.29032135,29153640,36.56546402,36.0531311,32.25041962
5/8/2019,34.54459381,35.82542801,46030183,35.89184189,35.06641388,31.36777878
6/8/2019,34.60151672,35.28462982,31985843,35.39848328,35.05692673,31.35929108
7/8/2019,34.02276993,34.77229691,32017253,34.89563751,34.70588303,31.04527664
8/8/2019,34.72485733,34.81973267,23356429,35.05692673,34.9810257,31.29139709
9/8/2019,34.25996017,34.88614655,25391703,34.94307327,34.48766708,30.85007668
12/8/2019,32.99810028,34.44971466,44212665,34.45920181,33.57685089,30.035326
13/08/2019,33.3491478,33.6147995,45549453,33.97533035,33.39658356,29.87407684
14/08/2019,32.44781876,33.14041519,38633421,33.18785477,32.48576736,29.05932808
15/08/2019,32.22960281,32.54269409,30713665,32.80834961,32.71347046,29.26301193
16/08/2019,32.72296143,32.94117737,30012334,33.21632004,32.87476349,29.40728951
19/08/2019,33.04553986,33.09297943,21997296,33.51043701,33.37760925,29.85709953
20/08/2019,32.79886246,33.30170822,19932510,33.35863495,32.83681107,29.37334061
21/08/2019,33.0360527,33.14990616,19208728,33.32068253,33.08349228,29.59400558
22/08/2019,33.0170784,33.16888046,16933142,33.42504883,33.2827301,29.77223015
23/08/2019,32.41935349,33.40607071,27765311,33.53889847,32.58064651,29.14419746
26/08/2019,32.71347046,32.84629822,17468680,33.07400513,33.05502701,29.56854248
27/08/2019,32.55218124,33.21632004,24715351,33.29222107,32.58064651,29.14419746
28/08/2019,32.52371979,32.59962082,26047924,33.3491478,33.2827301,29.77223015
29/08/2019,33.42504883,33.95635605,19610302,33.95635605,33.51992416,29.98440552
30/08/2019,33.47248459,33.79506683,18873346,33.88994217,33.72865295,30.17111778
3/9/2019,33.69070053,33.78557968,26624989,34.4212532,34.26945114,30.65487671
4/9/2019,33.87096786,34.44022751,20649441,34.53510284,33.99430847,30.40875816
5/9/2019,34.05123138,34.25996017,22096794,34.61100769,34.47817612,30.84158897
6/9/2019,34.25996017,34.49715424,20873416,34.69639587,34.62998199,30.97738075
9/9/2019,34.27893829,34.71537018,24675616,34.95256042,34.94307327,31.25744438
10/9/2019,34.17457199,34.71537018,32250397,35.46489716,35.46489716,31.72423363
11/9/2019,35.00948715,35.8064537,16963181,35.82542801,35.49335861,31.74969292
12/9/2019,35.16128922,35.64516068,16692303,35.69260025,35.37001801,31.63936424
13/09/2019,34.73434448,35.47438431,24099605,35.67362213,35.0189743,31.32534409
16/09/2019,34.48766708,34.59202957,19877070,35.12334061,34.94307327,31.25744438
17/09/2019,34.48766708,34.90512466,22091945,34.91461182,34.62998199,30.97738075
18/09/2019,34.4022789,34.69639587,19679550,34.83871078,34.51612854,30.87553596
19/09/2019,34.47817612,34.55408096,17746409,34.88614655,34.63946915,30.98586845
20/09/2019,34.61100769,35,45990658,35.34155655,34.81024551,31.13863373
23/09/2019,34.37381363,34.51612854,17295191,34.71537018,34.38330078,30.75671768
24/09/2019,34.13662338,34.41176605,24186560,34.70588303,34.16508484,30.56151581
25/09/2019,33.87096786,34.0702095,20269685,34.48766708,34.06072235,30.46816444
26/09/2019,33.74762726,34.22201157,17059728,34.38330078,33.9468689,30.36631584
27/09/2019,33.88994217,34.02276993,17583671,34.47817612,34.36432648,30.73974609
30/09/2019,34.07969666,34.4212532,17205391,34.44971466,34.08918381,30.49362564
1/10/2019,33.6147995,34.08918381,22013001,34.17457199,33.6147995,30.06927109
2/10/2019,32.88425064,33.45351028,22458000,33.46299744,32.92219925,29.44972801
3/10/2019,32.82732391,32.93169022,22076135,33.65275192,33.63377762,30.08625031
4/10/2019,33.63377762,33.67172623,18065349,34.13662338,34.08918381,30.49362564
7/10/2019,33.9658432,33.98482132,11759373,34.4022789,33.99430847,30.40875816
8/10/2019,33.60531235,33.82352829,14761270,34.04174423,33.6147995,30.06927109
9/10/2019,33.70967865,33.82352829,13634333,34.05123138,33.86148071,30.28993797
10/10/2019,33.77609253,33.84250641,12198680,34.16508484,33.95635605,30.37480354
11/10/2019,34.22201157,34.28842545,18446054,34.70588303,34.25996017,30.64638138
14/10/2019,34.13662338,34.30739975,8700981,34.48766708,34.44022751,30.80764008
15/10/2019,34.54459381,34.58254242,15178232,34.85768509,34.62998199,30.97738075
16/10/2019,34.45920181,34.7533226,14435795,34.86717224,34.47817612,30.84158897
17/10/2019,34.50664139,34.62049484,15312090,34.92409897,34.59202957,30.94343185
18/10/2019,34.48766708,34.56356812,14219198,34.81973267,34.59202957,30.94343185
21/10/2019,34.49715424,34.77229691,13237081,34.80075836,34.59202957,30.94343185
22/10/2019,34.39278793,34.54459381,14549416,34.81973267,34.56356812,30.91797829
23/10/2019,34.36432648,34.44971466,14000598,34.89563751,34.88614655,31.20652199
24/10/2019,34.4022789,34.86717224,19998385,34.95256042,34.52561569,30.88402176
25/10/2019,34.44971466,34.53510284,17497665,34.99051285,34.88614655,31.20652199
28/10/2019,34.93358612,34.97153854,25800339,35.55977249,35.37001801,31.63936424
29/10/2019,35.97723007,36.0531311,32212032,36.77419281,36.25237274,32.4286499
30/10/2019,36.33776093,36.44212341,22019430,36.83111954,36.50853729,32.65779114
31/10/2019,36.22390747,36.42314911,24539860,36.60341644,36.4041748,32.56444168
1/11/2019,36.42314911,36.70777893,19263220,36.94497299,36.42314911,32.58142471
4/11/2019,36.08159256,36.72675323,17709730,36.75521851,36.08159256,32.27588272
5/11/2019,35.55028534,36.08159256,21688474,36.14800644,35.55977249,31.8090992
6/11/2019,35.43643188,35.6831131,18757722,35.79696274,35.6831131,31.9194355
7/11/2019,34.99051285,35.48387146,22727297,35.65464783,35.0189743,31.62808609
8/11/2019,34.94307327,34.99051285,26626886,35.25616837,35.15180206,31.7480526
11/11/2019,34.86717224,35.0189743,12542916,35.11385345,35.03795242,31.64522362
12/11/2019,34.81973267,34.94307327,13338370,35.18975449,35.07590103,31.67950058
13/11/2019,34.44022751,35.05692673,25855252,35.05692673,34.72485733,31.36244774
14/11/2019,34.45920181,34.68690872,25190600,34.87665939,34.67741776,31.31959534
15/11/2019,34.6489563,34.7533226,36378810,35.55028534,35.37001801,31.94513512
18/11/2019,35.06641388,35.47438431,18084532,35.52182388,35.31309128,31.89373016
19/11/2019,35.40797043,35.51233292,26475110,35.74952698,35.73054886,32.27075958
20/11/2019,35.11385345,35.64516068,19947582,35.75901413,35.15180206,31.7480526
21/11/2019,35.14231491,35.30360413,20942664,35.99620438,35.8064537,32.33931732
22/11/2019,35.75901413,35.85388947,25544006,36.44212341,36.36622238,32.84487915
25/11/2019,36.48007584,36.50853729,31592385,36.88804626,36.69829178,33.14479828
26/11/2019,36.10057068,36.56546402,34620633,36.61290359,36.32827377,32.81060791
27/11/2019,36.36622238,36.41366196,19201034,36.72675323,36.6508522,33.10194778
29/11/2019,36.53700256,36.56546402,9793873,36.88804626,36.54648972,33.00769043
2/12/2019,36.29032135,36.80265808,15645998,36.81214523,36.32827377,32.81060791
3/12/2019,35.90132904,36.01517868,20869832,36.24288559,36.10057068,32.60494614
4/12/2019,35.94876862,36.27134705,14501248,36.2998085,36.18595886,32.68207169
5/12/2019,35.85388947,36.4041748,13098058,36.4041748,36.08159256,32.58781433
6/12/2019,36.26185989,36.31878662,12868708,36.54648972,36.32827377,32.81060791
9/12/2019,36.14800644,36.14800644,15641571,36.41366196,36.35673523,32.83631134
10/12/2019,36.23339844,36.30929947,19171311,36.60341644,36.50853729,32.97341537
11/12/2019,36.24288559,36.4041748,15569372,36.59392929,36.26185989,32.7506218
12/12/2019,36.21442032,36.21442032,13414469,36.64136505,36.56546402,33.02482986
13/12/2019,36.11954498,36.54648972,16678496,36.69829178,36.36622238,32.84487915
16/12/2019,36.67931747,36.7172699,24187824,37.38140488,37.13472366,33.53896713
17/12/2019,36.85009384,37.41935349,29038016,37.41935349,36.90702057,33.33331299
18/12/2019,36.66034317,37.01138687,27339390,37.07780075,36.89753342,33.32474136
19/12/2019,36.82163239,37.00189972,22022276,37.14421463,36.97343445,33.39329529
20/12/2019,36.97343445,37.3339653,58199772,37.51423264,37.22011566,33.61609268
23/12/2019,37.12523651,37.40037918,17454345,37.49525452,37.30550385,33.6932106
24/12/2019,37.19165039,37.314991,5187683,37.41935349,37.27703857,33.66750336
26/12/2019,37.19165039,37.28652954,9384078,37.54269409,37.36243057,33.74462509
27/12/2019,37.23908997,37.40986633,10117662,37.59013367,37.30550385,33.6932106
30/12/2019,36.89753342,37.28652954,11554264,37.40037918,36.91650772,33.34187698
31/12/2019,36.72675323,36.80265808,15175703,37.19165039,37.17267609,33.573246
2/1/2020,36.88804626,37.28652954,16514072,37.3339653,37.13472366,33.53896713
3/1/2020,36.68880463,36.7362442,14922848,37.22960281,36.93548584,33.35902405
6/1/2020,36.7172699,36.83111954,15771951,37.00189972,36.88804626,33.31617737
7/1/2020,36.69829178,37.11574936,20108107,37.12523651,36.76470566,33.20478058
8/1/2020,36.76470566,36.77419281,16403507,37.21062469,37.05882263,33.47041702
9/1/2020,36.80265808,37.25806427,21971895,37.25806427,36.89753342,33.32474136
10/1/2020,36.97343445,36.9829216,21557357,37.59962082,37.46679306,33.83888626
13/01/2020,37.20113754,37.59013367,15392405,37.73244858,37.39089203,33.77033234
14/01/2020,37.28652954,37.40986633,20919160,38.02656555,38.0170784,34.33588028
15/01/2020,38.11195374,38.13093185,23925800,38.77609253,38.58633804,34.85001755
16/01/2020,38.25426865,38.7001915,16216422,38.70967865,38.52941132,34.79860687
17/01/2020,38.3491478,38.49146271,23083970,38.7191658,38.43453598,34.71291351
21/01/2020,38.13093185,38.31119537,23115696,38.57685089,38.27324677,34.56724548
22/01/2020,37.92219925,38.25426865,18097812,38.33965683,38.13093185,34.43870163
23/01/2020,38.07400513,38.13093185,27148510,38.73814011,38.62428665,34.88429642
24/01/2020,37.60910797,38.84250641,34143698,38.87096786,37.77988434,34.12165451
27/01/2020,37.23908997,37.39089203,31964026,38.35863495,38.10246658,34.41300201
28/01/2020,36.00569153,37.30550385,70202408,37.46679306,36.18595886,32.68207169
29/01/2020,35.62618637,36.16698456,34165726,36.41366196,35.65464783,32.20220184
30/01/2020,34.81024551,35.19924164,32316589,35.26565552,35.17077637,32.08966827
31/01/2020,35.00948715,35.04743958,33894005,35.53130722,35.3320694,32.23683929
3/2/2020,35.38899231,35.54079819,20875735,36.09108353,35.58823395,32.47056198
4/2/2020,35.7020874,36.12903214,31150865,36.2808342,35.75901413,32.62638092
5/2/2020,35.88235474,35.91081619,29443490,36.59392929,36.21442032,33.04188538
6/2/2020,36.08159256,36.47058868,21047748,36.52751541,36.2998085,33.11979294
7/2/2020,35.98671722,36.39468765,21903596,36.43263626,36.10057068,32.93800735
10/2/2020,35.78747559,36.25237274,19998385,36.26185989,35.87286377,32.7302475
11/2/2020,35.82542801,35.94876862,16027335,36.17647171,36.13851929,32.97263336
12/2/2020,35.78747559,36.13851929,22944315,36.23339844,35.8064537,32.66966629
13/02/2020,35,35.65464783,22099745,35.65464783,35.03795242,31.96848297
14/02/2020,34.55408096,35.07590103,21006747,35.14231491,34.63946915,31.60490608
18/02/2020,34.41176605,34.67741776,17988513,34.79127121,34.45920181,31.4404335
19/02/2020,34.35483932,34.53510284,17750941,34.62998199,34.37381363,31.36252213
20/02/2020,33.5958252,33.88045502,42953135,34.21252441,34.01328278,31.03357887
21/02/2020,33.70967865,33.92789459,32425256,33.98482132,33.88994217,30.92104149
24/02/2020,32.82732391,33.24478149,37969296,33.58633804,32.89373779,30.01211548
25/02/2020,31.9829216,32.90322495,41878898,32.96015167,32.19165039,29.37153053
26/02/2020,32.27703857,32.48576736,47920005,33.40607071,32.94117737,30.05539322
27/02/2020,32.35293961,32.67552185,55444827,33.88045502,32.35293961,29.51868629
28/02/2020,30.86337852,31.77419472,66057447,32.20113754,31.70778084,28.9300518
2/3/2020,31.73624229,32.17267609,42034469,33.15939331,33.09297943,30.19389534
3/3/2020,32.12523651,33.37760925,46174475,33.9468689,32.54269409,29.69181824
4/3/2020,33.15939331,33.30170822,38712155,34.59202957,34.53510284,31.50968552
5/3/2020,33.35863495,33.82352829,35096303,34.32637787,33.64326477,30.69597816
6/3/2020,32.37191772,32.92219925,40931036,33.3681221,33.22580719,30.31509209
9/3/2020,31.46110153,31.74573135,43183856,32.9127121,32.03036118,29.22437096
10/3/2020,31.31878662,32.79886246,40548329,32.88425064,32.81783676,29.94285965
11/3/2020,30.03795052,32.03036118,65350213,32.14421463,30.52182198,27.84798241
12/3/2020,28.46299744,28.91840553,62731445,30.36053085,28.48197365,25.98683357
13/03/2020,28.68121338,29.66793251,60553038,31.19544601,31.0341568,28.31543732
16/03/2020,28.13092995,28.40607262,50995050,30.62618637,28.63377571,26.12533951
17/03/2020,29.02276993,30.0189743,54220606,30.97723007,30.51233482,27.83932495
18/03/2020,28.75711632,29.1935482,43884976,30.93927956,30.7020874,28.01245689
19/03/2020,28.4724865,30.56925964,59820929,30.59772301,28.86148071,26.33309555
20/03/2020,27.42884254,28.72865295,52488989,29.09867287,27.52371979,25.11252975
23/03/2020,26.45161247,27.28652763,52853041,28.06451607,27.03036118,24.66239166
24/03/2020,27.41935539,27.99810219,44466784,28.5104351,28.17836761,25.70982361
25/03/2020,27.51423073,27.98861504,44601275,29.14611053,28.22580528,25.75310516
26/03/2020,28.34914589,28.35863495,43269967,30.3510437,30.12334061,27.48441124
27/03/2020,29.08918381,29.22201157,38290344,30.11385155,29.31688881,26.74861145
30/03/2020,29.45920372,29.45920372,29943508,31.16698265,30.99620438,28.2808075
31/03/2020,30.58823586,30.74003792,29466151,31.30929756,30.96774292,28.25484276
1/4/2020,29.91461182,30.28462982,26709625,30.62618637,30.12334061,27.48441124
2/4/2020,30.12334061,30.26565552,27186876,31.30929756,31.18595886,28.45393944
3/4/2020,30.95825386,30.95825386,32837370,32.15370178,31.91650963,29.12049103
6/4/2020,32.04933548,32.18216324,40503217,33.11195374,32.79886246,29.92554474
7/4/2020,31.86907005,33.20683289,24226295,33.3681221,31.88804626,29.09452057
8/4/2020,31.72675514,32.24857712,25523980,33.0170784,32.82732391,29.9515152
9/4/2020,33.06451416,33.23529434,30648107,33.93738174,33.57685089,30.63537788
13/04/2020,32.94117737,34.11764526,18270141,34.13662338,33.33965683,30.41896629
14/04/2020,33.52941132,34.08918381,21845309,34.7533226,34.57305527,31.54431534
15/04/2020,33.75711441,34.21252441,21312196,34.37381363,34.12713623,31.13746071
16/04/2020,33.75711441,34.26945114,20657451,34.4022789,34.04174423,31.05954742
17/04/2020,34.25996017,34.62998199,24404843,35.10436249,35.0189743,31.95116806
20/04/2020,34.23149872,34.51612854,22530620,35.0189743,34.23149872,31.23267174
21/04/2020,33.55787659,33.9468689,23975233,34.08918381,33.79506683,30.83448029
22/04/2020,34.26945114,35.06641388,20182624,35.10436249,34.39278793,31.37983704
23/04/2020,34.4212532,34.4212532,20185365,35.48387146,34.81024551,31.76072884
24/04/2020,34.89563751,34.95256042,17353794,35.51233292,35.46489716,32.35803223
27/04/2020,35.64516068,35.66413879,23394057,36.56546402,36.36622238,33.1803894
28/04/2020,35.46489716,37.04933548,35666728,37.21062469,35.96774292,32.81681824
29/04/2020,35.77798843,36.48956299,26518535,36.57495117,36.16698456,32.99860001
30/04/2020,35.44591904,36.0531311,29450973,36.53700256,36.39468765,33.20636368
1/5/2020,35.47438431,35.91081619,22679867,35.99620438,35.71157455,32.58309555
4/5/2020,35.49335861,35.67362213,19893512,35.97723007,35.69260025,32.56577682
5/5/2020,36.30929947,36.82163239,24123952,36.86906815,36.53700256,33.33620834
6/5/2020,36.53700256,36.97343445,24047432,37.01138687,36.53700256,33.33620834
7/5/2020,35,36.44212341,33546080,36.51802826,35.06641388,32.31330109
8/5/2020,35.14231491,35.34155655,19893618,35.46489716,35.31309128,32.5406189
11/5/2020,35.25616837,35.34155655,25620421,36.25237274,36.14800644,33.30997086
12/5/2020,35.42694473,36.16698456,19335314,36.2808342,35.44591904,32.66300964
13/05/2020,34.71537018,35.39848328,24596882,35.50284576,35.15180206,32.39199066
14/05/2020,34.89563751,34.91461182,22362507,36.01517868,35.97723007,33.15261078
15/05/2020,35.47438431,36.01517868,25460002,36.21442032,35.82542801,33.01272964
18/05/2020,35.7020874,36.37571335,22635177,36.48956299,36.11954498,33.28375244
19/05/2020,35.39848328,35.91081619,19476234,36.07210541,35.74952698,32.94278717
20/05/2020,35.62618637,36.00569153,17504200,36.24288559,35.7020874,32.89906693
21/05/2020,35.15180206,35.64516068,17652181,35.72106171,35.3510437,32.57558823
22/05/2020,35.06641388,35.20872879,15781226,35.60721207,35.5787468,32.78541183
26/05/2020,35.53130722,35.72106171,23260094,35.9297905,35.56925964,32.77667236
27/05/2020,35.07590103,35.49335861,25904158,35.61669922,35.49335861,32.70672607
28/05/2020,35.78747559,35.90132904,22521767,36.47058868,36.22390747,33.37992096
29/05/2020,35.65464783,36.30929947,48333067,36.46110153,36.23339844,33.38866806
1/6/2020,33.12144089,33.68121338,76884979,33.89942932,33.64326477,31.00189209
2/6/2020,33.44402313,33.70967865,42690900,34.30739975,34.30739975,31.61387825
3/6/2020,33.7191658,34.43074036,38751996,34.54459381,34.30739975,31.61387825
4/6/2020,33.87096786,33.88045502,27013388,34.43074036,34.16508484,31.48274422
5/6/2020,34.04174423,34.38330078,36705655,34.62049484,34.14611053,31.46525764
8/6/2020,33.85199356,33.9658432,30194149,34.72485733,34.71537018,31.98982239
9/6/2020,34.3168869,34.62998199,21675088,34.78178406,34.35483932,31.6575985
10/6/2020,34.05123138,34.49715424,29557217,34.58254242,34.07969666,31.40405655
11/6/2020,31.57495308,33.77609253,63166642,33.85199356,31.59392738,29.11344528
12/6/2020,31.35673523,32.3339653,37902472,32.35293961,32.02087402,29.50687408
15/06/2020,31.08159447,31.59392738,36247482,31.99241066,31.65085411,29.16590309
16/06/2020,31.04364395,31.86907005,55616945,32.22011566,31.68880463,29.20087624
17/06/2020,31.61290359,31.86907005,27509822,32.03984833,31.84060669,29.34075737
18/06/2020,31.29032326,31.56546593,32278855,31.75521851,31.53700256,29.06099129
19/06/2020,31.42314911,31.9639473,43986266,32.01138687,31.70778084,29.21836472
22/06/2020,31.22390938,31.62239075,23332503,31.65085411,31.41366196,28.94733238
23/06/2020,31.06261826,31.49905014,37690408,31.54648972,31.09108162,28.65007973
24/06/2020,30.36053085,31.0341568,30817695,31.0531311,30.54079628,28.14299965
25/06/2020,30.19924164,30.46489525,27418651,30.72106361,30.66413689,28.25665474
26/06/2020,29.99051285,30.59772301,42153992,30.62618637,30.39848137,28.01185608
29/06/2020,30.55028534,30.79696465,23956261,30.99620438,30.96774292,28.53642654
30/06/2020,30.5787487,30.86337852,25451676,31.19544601,31.02466774,28.58888054
1/7/2020,31.99241066,32.77039719,73503009,32.77039719,32.01138687,29.4981308
2/7/2020,32.29601669,32.84629822,45270881,33.06451416,32.74193573,30.17132568
6/7/2020,32.61859512,33.15939331,27150935,33.19734192,32.74193573,30.17132568
7/7/2020,32.22011566,32.30550385,25148018,32.59013367,32.28652954,29.75167084
8/7/2020,31.85009575,32.26755142,24256545,32.60910797,32.02087402,29.50687408
9/7/2020,31.4041748,32.00189972,20363702,32.14421463,31.74573135,29.25333405
10/7/2020,31.77419472,31.93548393,24459019,32.29601669,32.09677505,29.57681656
13/07/2020,32.75142288,32.95066452,56569129,33.88994217,33.40607071,30.78331757
14/07/2020,33.09297943,33.55787659,32854129,33.60531235,33.42504883,30.80080986
15/07/2020,33.65275192,34.14611053,26294454,34.15559769,33.88994217,31.22919464
16/07/2020,33.45351028,33.77609253,18421812,33.81404114,33.77609253,31.12428665
17/07/2020,33.89942932,34.02276993,23347365,34.46869278,34.39278793,31.69256401
20/07/2020,34.45920181,35.56925964,36815693,35.69260025,34.62998199,31.91113472
21/07/2020,34.6489563,35.04743958,23588520,35.18026733,34.81024551,32.07725143
22/07/2020,35.5977211,36.27134705,90705554,36.74573135,36.58443832,33.71214294
23/07/2020,36.22390747,37.22011566,59639536,37.40037918,36.44212341,33.5810051
24/07/2020,35.41745758,36.08159256,33870501,36.19544601,35.73054886,32.92529678
27/07/2020,35.32258224,35.44591904,27640307,35.81594086,35.61669922,32.82038879
28/07/2020,36.11005783,36.56546402,56393954,37.32447815,37.02087402,34.11431503
29/07/2020,36.48007584,37.28652954,37033660,37.42884445,37.24857712,34.32414246
30/07/2020,36.24288559,36.31878662,32273796,36.94497299,36.75521851,34.20054626
31/07/2020,35.92030334,36.31878662,28472124,36.76470566,36.50853729,33.97101212
3/8/2020,36.26185989,36.6318779,31036400,36.67931747,36.3852005,33.85624313
4/8/2020,36.13851929,36.34724808,29448549,36.69829178,36.42314911,33.8915596
5/8/2020,36.17647171,36.49905014,24292697,36.55597687,36.48007584,33.9445343
6/8/2020,36.19544601,36.78367996,20922111,37.09677505,36.30929947,33.78562546
7/8/2020,36.20493317,36.33776093,23097251,36.64136505,36.48007584,33.9445343
10/8/2020,36.2998085,36.57495117,19964552,36.67931747,36.42314911,33.8915596
11/8/2020,35.74003983,36.58443832,21326847,36.60341644,35.85388947,33.36186218
12/8/2020,35.87286377,35.89184189,19957595,36.57495117,36.36622238,33.83858871
13/08/2020,35.93927765,36.11954498,15340021,36.22390747,36.21442032,33.69734192
14/08/2020,35.98671722,36.06261826,12901276,36.42314911,36.11005783,33.60022354
17/08/2020,36.00569153,36.09108353,17494187,36.44212341,36.3852005,33.85624313
18/08/2020,36.21442032,36.48007584,10846398,36.48956299,36.39468765,33.86507416
19/08/2020,36.16698456,36.50853729,15690055,36.6318779,36.2998085,33.77679062
20/08/2020,36.17647171,36.22390747,21957455,36.80265808,36.7362442,34.18289185
21/08/2020,36.59392929,36.91650772,25467170,37.00189972,36.88804626,34.32414627
24/08/2020,36.56546402,37.02087402,25011947,37.03984833,36.85009384,34.2888298
25/08/2020,36.00569153,36.53700256,26221201,36.58443832,36.44212341,33.90921783
26/08/2020,35.73054886,36.23339844,24083689,36.30929947,36.10057068,33.59140015
27/08/2020,35.74952698,36.01517868,22156556,36.0531311,35.92030334,33.42366409
28/08/2020,35.48387146,35.9297905,32830519,36.11005783,35.96774292,33.46780777
31/08/2020,35.5787468,35.90132904,30032465,36.07210541,35.85388947,33.36186218
1/9/2020,34.63946915,35.85388947,36145560,35.88235474,34.99051285,32.55849838
2/9/2020,34.53510284,34.88614655,29068688,35.38899231,35.29411697,32.8409996
3/9/2020,34.25047302,35.45540619,35956788,35.56925964,34.53510284,32.13474655
4/9/2020,34.03225708,34.62049484,26872257,34.7533226,34.49715424,32.09943008
8/9/2020,33.85199356,34.65844345,26736818,34.73434448,34.08918381,31.7198143
9/9/2020,34.28842545,34.43074036,27490533,34.77229691,34.32637787,31.94052315
10/9/2020,33.75711441,34.34535217,21650741,34.45920181,33.82352829,31.47262192
11/9/2020,33.63377762,33.90891647,24109301,34.25996017,34.22201157,31.84340858
14/09/2020,34.4212532,34.49715424,29565543,35.61669922,35.11385345,32.67326736
15/09/2020,34.92409897,35.28462982,22003726,35.43643188,35.06641388,32.62912369
16/09/2020,34.83871078,35.37001801,22208412,35.39848328,34.89563751,32.47022247
17/09/2020,34.67741776,34.89563751,17894390,35.07590103,34.93358612,32.50553131
18/09/2020,34.69639587,34.89563751,31694623,35.17077637,34.7533226,32.33779526
21/09/2020,33.56736374,34.50664139,26608968,34.61100769,34.17457199,31.79926872
22/09/2020,33.90891647,33.97533035,22727297,34.46869278,34.39278793,32.00231552
23/09/2020,34.12713623,34.47817612,23102521,34.51612854,34.15559769,31.78161812
24/09/2020,33.7191658,34.10815811,20859925,34.1935463,33.92789459,31.56973839
25/09/2020,33.7001915,33.7191658,14365598,34.2979126,34.20303726,31.82575989
28/09/2020,34.30739975,34.30739975,15044269,34.70588303,34.52561569,32.12591553
29/09/2020,34.18405914,34.56356812,13512491,34.6679306,34.3168869,31.93169594
30/09/2020,34.39278793,34.41176605,22629275,35.06641388,34.81973267,32.39958572
1/10/2020,34.30739975,35.0189743,22520396,35.18975449,34.50664139,32.10825729
2/10/2020,34.18405914,34.21252441,21461759,34.78178406,34.51612854,32.11708069
5/10/2020,34.47817612,34.65844345,19400029,34.99051285,34.86717224,32.4437294
6/10/2020,34.24098587,35.10436249,25233392,35.13282776,34.3168869,31.93169594
7/10/2020,34.18405914,34.4022789,22160034,34.71537018,34.60151672,32.1965332
8/10/2020,34.63946915,34.72485733,17857395,35.27514267,35,32.56732559
9/10/2020,34.71537018,34.94307327,23667465,35.21821594,34.90512466,32.47904968
12/10/2020,34.60151672,34.81973267,19413837,35.27514267,34.93358612,32.50553131
13/10/2020,34.7533226,34.79127121,21543233,35.22770309,35.00948715,32.57614899
14/10/2020,34.69639587,35.11385345,22120298,35.38899231,34.97153854,32.54084396
15/10/2020,34.54459381,34.7533226,16089205,34.85768509,34.67741776,32.26716232
16/10/2020,35.12334061,35.17077637,42993503,36.16698456,36.00569153,33.50311661
19/10/2020,35.71157455,36.45161438,31931352,36.85958481,35.86337662,33.37069702
20/10/2020,35.43643188,35.9297905,22384852,35.94876862,35.56925964,33.0970192
21/10/2020,35.16128922,35.43643188,18984859,35.53130722,35.18026733,32.73506165
22/10/2020,35.13282776,35.18026733,19243616,35.64516068,35.51233292,33.04405594
23/10/2020,35.72106171,35.98671722,30557884,36.31878662,36.22390747,33.70616531
26/10/2020,35.55977249,35.9297905,33783124,36.07210541,35.97723007,33.47663116
27/10/2020,34.9810257,35.14231491,36851529,36.16698456,35.51233292,33.04405594
28/10/2020,33.51043701,34.91461182,33857537,35.22770309,33.63377762,31.29606438
29/10/2020,32.82732391,33.66223907,27545341,33.81404114,33.47248459,31.14598465
30/10/2020,33.05502701,33.43453598,25631067,33.70967865,33.66223907,31.32254601
2/11/2020,33.7191658,34.08918381,21430666,34.39278793,34.37381363,31.98466301
3/11/2020,34.23149872,34.56356812,21636617,34.74383163,34.33586121,31.94935036
4/11/2020,35.06641388,35.16128922,40870536,36.16698456,35.41745758,32.95576477
5/11/2020,34.52561569,35.34155655,33926995,35.38899231,34.52561569,32.45630264
6/11/2020,34.24098587,34.52561569,23870676,34.83871078,34.53510284,32.46522141
9/11/2020,36.41366196,39.71537018,230153864,39.83871078,37.19165039,34.9625473
10/11/2020,36.48956299,38.37760925,80091668,38.46299744,36.69829178,34.49876022
11/11/2020,35.95825577,36.88804626,58980997,38.14041519,36.52751541,34.33821869
12/11/2020,35.3320694,36.31878662,46767877,36.37571335,35.62618637,33.49090958
13/11/2020,35.77798843,35.9297905,40175634,36.67931747,36.64136505,34.44524765
16/11/2020,34.96204758,35.92030334,75530167,36.00569153,35.41745758,33.29469681
17/11/2020,35.81999969,36.49000168,46984500,36.5,36.04000092,33.87992096
18/11/2020,36.29999924,36.93000031,63442700,37.41999817,36.31999969,34.14313507
19/11/2020,35.86000061,36.59999847,43261800,36.63000107,36.18999863,34.02092743
20/11/2020,36.43999863,36.70000076,60633800,37.31000137,36.70000076,34.5003624
23/11/2020,36.20999908,37.02999878,43673100,37.09000015,36.52000046,34.33115005
24/11/2020,36.02000046,36.13000107,42485300,36.74000168,36.59999847,34.406353
25/11/2020,36.24000168,36.52999878,26955800,36.56000137,36.52999878,34.34055328
27/11/2020,36.75,36.77999878,25277000,37.25999832,37.22999954,34.99860001
30/11/2020,37.59999847,37.95000076,65425900,38.79999924,38.31000137,36.01386642
1/12/2020,39.00999832,39.40000153,72499700,40.5,39.40999985,37.04793549
2/12/2020,40.29999924,40.47000122,84347500,41.40999985,40.79999924,38.35462189
3/12/2020,39.52000046,40.97999954,68570100,41.02999878,40.09000015,37.68717957
4/12/2020,39.88999939,39.88999939,35368100,40.45000076,40.34000015,37.92219925
7/12/2020,40.36999893,40.65999985,48253700,41.40000153,41.25,38.77765274
8/12/2020,41.34999847,41.40000153,87039300,42.77000046,42.56000137,40.00914383
9/12/2020,41.13000107,43.06999969,86118500,43.08000183,41.84999847,39.34169388
10/12/2020,41.45000076,41.81999969,57749200,42.22000122,41.72999954,39.22888565
11/12/2020,40.68999863,41.97000122,60737000,42.06999969,41.11999893,38.65544891
14/12/2020,39.06999969,41.61999893,94809700,41.65999985,39.20999908,36.85992432
15/12/2020,38.20999908,39.06000137,65712800,39.18000031,38.70999908,36.38989258
16/12/2020,37.74000168,38.18000031,56515300,38.47000122,37.84000015,35.57203674
17/12/2020,37.31000137,37.83000183,52036400,38.11999893,38.02999878,35.75065231
18/12/2020,37.5,37.99000168,60259200,38.09000015,37.68000031,35.42162323
21/12/2020,36.90999985,37.27999878,40891800,37.40000153,37.38000107,35.13960266
22/12/2020,36.59999847,37.20999908,33634400,37.33000183,36.74000168,34.53796387
23/12/2020,36.88000107,37.00999832,36182000,37.65000153,37.43999863,35.19601059
24/12/2020,37.18000031,37.40000153,14790100,37.56999969,37.27000046,35.03619766
28/12/2020,36.68000031,37.36000061,26993700,37.58000183,36.81999969,34.61316681
29/12/2020,36.79000092,36.90000153,23152100,37.20000076,37.04999924,34.82938385
30/12/2020,36.70000076,37.02999878,24889800,37.24000168,36.74000168,34.53796387
31/12/2020,36.29000092,36.65999985,30796500,36.91999817,36.81000137,34.60377502
4/1/2021,36.27000046,36.86999893,33565700,36.93999863,36.81000137,34.60377502
5/1/2021,36.59999847,36.72000122,29909400,37.36999893,37.18999863,34.96099091
6/1/2021,36.77000046,36.83000183,34962500,37.47999954,36.86999893,34.66017151
7/1/2021,36.66999817,37.04000092,27809500,37.15000153,37.06000137,34.83878326
8/1/2021,36.90000153,37.15999985,33462400,37.52999878,37.13000107,34.90458679
11/1/2021,37.15000153,37.22000122,47286900,37.83000183,37.77000046,35.50623322
12/1/2021,36.81999969,37.70000076,47831100,37.79000092,37.18000031,34.95159531
13/01/2021,36.63999939,37,31027900,37.16999817,36.86000061,34.65077209
14/01/2021,36.61000061,36.77999878,30272000,36.95999908,36.75,34.5473671
15/01/2021,36.40000153,36.68000031,34287800,36.77999878,36.70000076,34.5003624
19/01/2021,36.61999893,36.75999832,33451300,37,36.72999954,34.52856445
20/01/2021,36.45999908,36.79000092,35400100,36.81000137,36.5,34.31235504
21/01/2021,36.15000153,36.38999939,33829700,36.59000015,36.47999954,34.29354858
22/01/2021,36.25,36.31999969,26271200,36.83000183,36.54999924,34.3593483
25/01/2021,36.31999969,36.54999924,31728500,37.29000092,37.27999878,35.04560089
26/01/2021,37.15999985,37.27000046,27718700,37.59999847,37.31000137,35.07380295
27/01/2021,36.16999817,36.99000168,50561200,37.04000092,36.24000168,34.06793594
28/01/2021,35.84000015,35.95000076,39466700,36.33000183,35.86000061,34.07743454
29/01/2021,35.61999893,36.88000107,60251900,36.88000107,35.90000153,34.11545181
1/2/2021,35.72000122,35.93000031,40395800,36.18999863,35.79999924,34.02041626
2/2/2021,34.27000046,35.75999832,84062400,35.77999878,34.99000168,33.25068665
3/2/2021,34.77999878,34.99000168,38524200,35.29000092,34.84000015,33.10814285
4/2/2021,34.70000076,34.81000137,34284900,35.08000183,34.88999939,33.15565109
5/2/2021,34.77999878,34.91999817,31749600,35.08000183,34.91999817,33.18416214
8/2/2021,34.74000168,34.95999908,31633900,35.00999832,34.81999969,33.08913422
9/2/2021,34.75999832,34.79999924,30170200,35.06000137,34.97000122,33.23167801
10/2/2021,34.70000076,35,29039900,35.08000183,34.74000168,33.01311111
11/2/2021,34.27999878,34.79999924,30885200,34.81000137,34.43000031,32.71852112
12/2/2021,34.36000061,34.43999863,25578600,34.95000076,34.72000122,32.99410629
16/02/2021,34.56000137,34.84999847,28730300,34.86000061,34.68999863,32.96559525
17/02/2021,34.45999908,34.56999969,26389400,35,34.88999939,33.15565109
18/02/2021,34.52000046,34.77999878,24052500,34.88000107,34.56000137,32.84206009
19/02/2021,34.40000153,34.65999985,28145300,34.68000031,34.43999863,32.72802353
22/02/2021,34.04000092,34.33000183,34322500,34.36999893,34.25999832,32.5569725
23/02/2021,33.68000031,34,37624200,34.18999863,33.90999985,32.22436905
24/02/2021,33.66999817,33.86999893,30686100,34.04999924,33.75,32.07232285
25/02/2021,33.54000092,33.81999969,37506100,34.11000061,33.81999969,32.13884354
26/02/2021,33.36000061,33.84000015,41462800,33.90000153,33.49000168,31.82525063
1/3/2021,33.50999832,33.59000015,30407800,33.93000031,33.68999863,32.01530838
2/3/2021,33.5,33.68000031,27670400,33.88999939,33.50999832,31.84424782
3/3/2021,33.43999863,33.50999832,46020200,34.45000076,34.38999939,32.68051147
4/3/2021,33.84000015,34.25999832,45449600,35.09000015,34.20000076,32.49995422
5/3/2021,33.95999908,34.29000092,30589900,34.54999924,34.38999939,32.68051147
8/3/2021,34.33000183,34.47999954,24352300,34.86999893,34.34999847,32.64249802
9/3/2021,34.43999863,34.54000092,25167100,34.84999847,34.45000076,32.73752594
10/3/2021,34.52000046,34.63999939,33501800,35.13999939,34.93000031,33.19366837
11/3/2021,34.65999985,35.06999969,24557900,35.11999893,34.70999908,32.98460388
12/3/2021,34.50999832,34.56000137,16342400,34.97999954,34.93999863,33.20316696
15/03/2021,34.95999908,35.00999832,21896100,35.43000031,35.40999985,33.64980698
16/03/2021,35.31000137,35.47000122,25022400,35.86000061,35.83000183,34.04892349
17/03/2021,35.11999893,35.83000183,42540100,35.95999908,35.79000092,34.01091766
18/03/2021,35.52000046,35.52999878,24729800,35.97000122,35.77000046,33.99191284
19/03/2021,35.47000122,35.75,48348900,35.81999969,35.52999878,33.76383972
22/03/2021,35.36000061,35.47999954,25427500,36.00999832,36,34.21047974
23/03/2021,35.31999969,35.81999969,27970500,35.93000031,35.36000061,33.60229111
24/03/2021,35.36999893,35.47999954,22883400,35.93000031,35.61000061,33.83985901
25/03/2021,35.25,35.65000153,24875300,35.79000092,35.66999817,33.8968811
26/03/2021,35.63999939,35.68000031,27944500,36.29000092,36.25,34.44805145
29/03/2021,35.90000153,36.02999878,27004800,36.74000168,36.61999893,34.79965591
30/03/2021,36.02000046,36.59000015,26303300,36.63000107,36.11000061,34.31500626
31/03/2021,36.04000092,36.15000153,26582700,36.43000031,36.22999954,34.42904663
1/4/2021,36.02000046,36.29999924,21319900,36.45000076,36.29999924,34.49556351
5/4/2021,36.09999847,36.43999863,22096900,36.56999969,36.27999878,34.47655869
6/4/2021,36,36.25999832,20722900,36.40000153,36.04999924,34.25799179
7/4/2021,35.75999832,36.02999878,21933800,36.24000168,35.90999985,34.12495041
8/4/2021,35.86999893,35.95999908,18129400,36.15000153,35.95999908,34.17246628
9/4/2021,35.90000153,35.90000153,31686700,36.81000137,36.59999847,34.78064728
12/4/2021,36.33000183,36.47999954,29944900,37.02999878,36.97000122,35.13225937
13/04/2021,36.88999939,37.40999985,33967400,37.65000153,37.15999985,35.31281281
14/04/2021,36.95999908,37.16999817,23842900,37.38000107,37.16999817,35.32231522
15/04/2021,37.25999832,37.25999832,24945800,37.74000168,37.59999847,35.73094177
16/04/2021,37.81000137,37.86999893,52829500,38.70000076,38.56999969,36.65272522
19/04/2021,38.33000183,38.59999847,30905100,38.95999908,38.93000031,36.99483109
20/04/2021,38.75,38.75,26459400,39.24000168,39.02999878,37.08986282
21/04/2021,39.13000107,39.13999939,29365000,39.66999817,39.52999878,37.56500244
22/04/2021,38.52000046,39.47999954,33373600,39.5,38.63999939,36.7192421
23/04/2021,38.43000031,38.63000107,24375000,38.83000183,38.65999985,36.73825455
26/04/2021,38.49000168,38.72999954,19773400,38.74000168,38.68000031,36.75725555
27/04/2021,38.34999847,38.50999832,19061500,38.61000061,38.45000076,36.53869247
28/04/2021,38.52000046,38.54000092,21963300,38.93999863,38.81000137,36.88080215
29/04/2021,38.31000137,38.99000168,23569400,39,38.59999847,36.68123627
30/04/2021,38.49000168,38.5,28413200,38.90000153,38.65000153,36.72874451
3/5/2021,38.95999908,39.04000092,46638600,39.84000015,39.83000183,37.85009384
4/5/2021,39.43000031,40,52802200,40.16999817,39.95000076,37.96412659
5/5/2021,38.93000031,40.18000031,76627500,41.09000015,39.97000122,37.98313522
6/5/2021,37.95999908,38.47999954,54944900,39.22999954,39.18999863,37.60886765
7/5/2021,39.04999924,39.04999924,33807800,39.86999893,39.58000183,37.98313904
10/5/2021,39.77999878,39.83000183,30831900,40.27999878,39.86000061,38.25183868
11/5/2021,39.22999954,39.68000031,30568600,40.06999969,39.34999847,37.76241302
12/5/2021,39.31000137,39.43999863,26208600,39.91999817,39.68999863,38.08869553
13/05/2021,39.5,39.5,25415000,40.27999878,40.09999847,38.48215485
14/05/2021,39.91999817,40.24000168,18041100,40.31999969,40.02000046,38.40538025
17/05/2021,40.00999832,40.06999969,18095000,40.40000153,40.11000061,38.49175262
18/05/2021,39.83000183,40.18000031,15805500,40.34999847,40.04999924,38.43416977
19/05/2021,39.43000031,39.90000153,20209500,39.90000153,39.83000183,38.22305298
20/05/2021,39.72000122,39.72999954,18621100,40.25,40.11999893,38.5013504
21/05/2021,39.90999985,40.20999908,21144800,40.59999847,39.95000076,38.33820343
24/05/2021,39.77999878,40.08000183,16922300,40.13999939,39.81000137,38.20386124
25/05/2021,39.24000168,39.81999969,25916300,39.86000061,39.33000183,37.7432251
26/05/2021,38.77999878,39.29000092,28036500,39.29999924,38.91999817,37.34975815
27/05/2021,38.59999847,38.97000122,38471200,39.18000031,38.65000153,37.09065247
28/05/2021,38.68000031,38.75,16154100,39.02000046,38.72999954,37.16742706
1/6/2021,38.47999954,38.93999863,23642400,39,38.5,36.94670868
2/6/2021,38.54000092,38.63999939,19629000,38.93000031,38.79000092,37.2250061
3/6/2021,38.63000107,38.75999832,17376300,39.04000092,38.97000122,37.39774323
4/6/2021,39.02000046,39.04999924,19375300,39.5,39.15000153,37.57048035
7/6/2021,38.97000122,39.08000183,24110700,39.59999847,38.99000168,37.41693878
8/6/2021,38.47999954,39.06999969,18880300,39.11000061,38.84999847,37.28258896
9/6/2021,38.97999954,39,29824000,39.84000015,39.81000137,38.20386124
10/6/2021,39.88999939,39.90000153,42613700,40.72000122,40.68000031,39.03875732
11/6/2021,39.95000076,40.65999985,21386900,40.66999817,40.15000153,38.53013992
14/06/2021,39.38000107,40.02999878,23408300,40.06999969,39.63000107,38.0311203
15/06/2021,39.38999939,39.70999908,20206900,39.84000015,39.59000015,37.99272919
16/06/2021,39.27999878,39.61999893,19177500,39.84000015,39.29999924,37.71443176
17/06/2021,39.06999969,39.27000046,19580100,39.59000015,39.47999954,37.88716507
18/06/2021,38.70000076,39.29999924,37775900,39.43999863,38.81000137,37.24420547
21/06/2021,38.88000107,38.88000107,19488100,39.47999954,39.41999817,37.82958603
22/06/2021,39.25999832,39.40999985,15975900,39.68999863,39.61000061,38.01192474
23/06/2021,38.97999954,39.63000107,22025400,39.65999985,39.04999924,37.47451782
24/06/2021,39.08000183,39.13999939,13436500,39.34999847,39.18999863,37.60886765
25/06/2021,38.88999939,39.11999893,22774300,39.40999985,38.97999954,37.407341
28/06/2021,38.90000153,39.00999832,19225700,39.20999908,39.11999893,37.54169083
29/06/2021,38.97999954,39.13000107,14516600,39.27999878,39.09999847,37.52249908
30/06/2021,38.81999969,39.13999939,21248100,39.27000046,39.15999985,37.58007813
1/7/2021,39.11000061,39.16999817,20035900,39.63000107,39.56000137,37.96394348
2/7/2021,39.38000107,39.45999908,16592700,39.83000183,39.72999954,38.12707901
6/7/2021,39.04000092,39.47999954,18931900,39.65000153,39.29000092,37.7048378
7/7/2021,38.97000122,39.22000122,17665200,39.36000061,39.34999847,37.76241302
8/7/2021,38.93000031,39,23021200,39.31999969,39.25,37.66644669
9/7/2021,39.45999908,39.52999878,21578700,40.09999847,39.61000061,38.01192474
12/7/2021,39.59999847,39.65999985,24513000,40.25,39.75999832,38.15587234
13/07/2021,39.52999878,39.77000046,12222000,39.79999924,39.65000153,38.05031204
14/07/2021,39.65999985,39.72000122,15888600,40.02999878,39.95000076,38.33820343
15/07/2021,39.86000061,39.95000076,20250800,40.18999863,40.09000015,38.47255707
16/07/2021,39.93000031,40.13999939,24270400,40.34999847,40.34999847,38.72206879
19/07/2021,39.68000031,40.06999969,29818400,40.34999847,40.15000153,38.53013992
20/07/2021,40.20000076,40.25,48804100,41.70999908,41.04999924,39.39382553
21/07/2021,40.52000046,41.24000168,27530200,41.24000168,41.02000046,39.36503601
22/07/2021,40.90000153,41.11999893,18913300,41.54999924,41.47000122,39.79687881
23/07/2021,41.41999817,41.45999908,21609200,41.83000183,41.68000031,39.99840927
26/07/2021,41.38999939,41.61999893,23720000,41.93999863,41.81000137,40.12316513
27/07/2021,41.58000183,41.81999969,32544100,42.20000076,42.09999847,40.40145874
28/07/2021,42.25,42.34999847,53822400,43.74000168,43.45000076,41.6969986
29/07/2021,42.61999893,43.22999954,29015000,43.29999924,42.79000092,41.43554688
30/07/2021,42.68999863,42.88000107,24763300,43.18999863,42.81000137,41.45491409
2/8/2021,43.25,43.29999924,43066900,44.13999939,43.95999908,42.56851196
3/8/2021,44.06999969,44.16999817,45643300,45.86000061,45.68000031,44.23406982
4/8/2021,45.00999832,45.34999847,43391200,45.79999924,45.18999863,43.7595787
5/8/2021,44.70000076,45,23505400,45.13999939,45.06000137,43.6336937
6/8/2021,44.63000107,45.09000015,20413000,45.31000137,45.06999969,43.6433754
9/8/2021,45.11000061,45.11000061,32374300,46.02999878,45.97999954,44.52457428
10/8/2021,45.88999939,46.20000076,81189400,48.56999969,48.18999863,46.66461563
11/8/2021,46.25999832,47.77999878,50878200,48.08000183,46.31000137,44.84412766
12/8/2021,46.34000015,46.5,29676400,47.40000153,47.24000168,45.74468994
13/08/2021,47.31999969,47.40999985,35379200,48.5,48.47999954,46.94543457
16/08/2021,47.50999832,48.22999954,38045800,48.97000122,48.90999985,47.36182404
17/08/2021,48.70999908,48.77999878,68817000,50.49000168,50.41999817,48.8240242
18/08/2021,49.16999817,50.22999954,88598000,51.86000061,49.31000137,47.74916458
19/08/2021,48.25999832,48.5,57741600,49.95999908,48.79999924,47.25531006
20/08/2021,48.65999985,48.97999954,35157500,49.72999954,48.72000122,47.177845
23/08/2021,49.59999847,50.29000092,88652400,51.36000061,49.93000031,48.34954071
24/08/2021,48.24000168,49.74000168,52624100,50.04999924,48.38000107,46.84860229
25/08/2021,46.93000031,48.04000092,51036800,48.27999878,47.50999832,46.00614166
26/08/2021,47.29999924,47.70000076,29029300,48.15999985,47.38000107,45.88025665
27/08/2021,46.52999878,47.36999893,32924500,47.5,46.59999847,45.12494278
30/08/2021,46.15999985,46.20000076,25774400,47.15999985,46.75999832,45.27988052
31/08/2021,45.93000031,46.72000122,34547800,47.13999939,46.06999969,44.61172104
1/9/2021,45.41999817,46.18999863,32900100,46.25999832,46.04000092,44.58267212
2/9/2021,46.13000107,46.47999954,26106300,46.86999893,46.84000015,45.35735321
3/9/2021,46.34000015,46.90000153,20817200,47.02999878,46.84000015,45.35735321
7/9/2021,46.54000092,46.99000168,26236900,47.5,46.75,45.27019501
8/9/2021,46.25,46.50999832,15839600,46.79000092,46.50999832,45.03779602
9/9/2021,45.84999847,46.47000122,21695300,46.72000122,46.02999878,44.5729866
10/9/2021,45.50999832,46.27000046,20801500,46.34999847,45.59000015,44.14691162
13/09/2021,44.20000076,45.74000168,37086200,45.83000183,44.58000183,43.16888428
14/09/2021,44.54999924,44.66999817,24100200,45.25999832,44.70999908,43.29476929
15/09/2021,44.47000122,44.56000137,28674600,45.36999893,44.77000046,43.35287094
16/09/2021,44.02999878,44.88000107,22424200,44.99000168,44.47000122,43.0623703
17/09/2021,43.31000137,44.16999817,56370500,44.45999908,43.88999939,42.50072479
20/09/2021,43.38999939,43.38999939,41873000,44.65000153,44.20000076,42.80091476
21/09/2021,43.84999847,44.25,23645600,44.72999954,43.91999817,42.52977371
22/09/2021,43.83000183,43.99000168,22616700,44.38999939,43.95000076,42.55882645
23/09/2021,44.15000153,44.27999878,19719200,44.72000122,44.18999863,42.79122925
24/09/2021,43.81000137,44.06999969,16150700,44.40999985,43.93999863,42.54914474
27/09/2021,43.50999832,43.91999817,19955900,44.13000107,43.56999969,42.19085693
28/09/2021,42.43000031,43.06999969,28512200,43.27999878,43.04000092,41.67763519
29/09/2021,43.08000183,43.22000122,18037200,43.68999863,43.52999878,42.15211868
30/09/2021,42.97000122,43.79000092,21103300,44.04999924,43.00999832,41.64858246
1/10/2021,41.70000076,42.52000046,38483000,43.09999847,42.93000031,41.57111359
4/10/2021,42.20999908,42.93000031,28906500,43.34999847,42.41999817,41.07725906
5/10/2021,42.27999878,42.52999878,19342600,42.79000092,42.31999969,40.98042297
6/10/2021,41.68999863,42.06000137,30483800,42.20000076,42.02000046,40.68991852
7/10/2021,42.20999908,42.52000046,19778300,42.95999908,42.74000168,41.38712692
8/10/2021,42.34000015,42.72999954,12778600,42.90999985,42.45000076,41.1063118
11/10/2021,42.00999832,42.45000076,11984200,42.61999893,42.06000137,40.72865677
12/10/2021,41.65999985,42.15999985,16222300,42.20999908,41.84999847,40.52529907
13/10/2021,40.93999863,41.75,28205700,41.90999985,41.41999817,40.10890961
14/10/2021,41.52000046,41.56000137,17590300,41.95999908,41.66999817,40.35099411
15/10/2021,41.38000107,41.90000153,23550300,42.02999878,41.49000168,40.17670059
18/10/2021,41.04000092,41.45000076,21733000,41.70000076,41.31999969,40.01207352
19/10/2021,41.54000092,41.59999847,17159800,42.20000076,42.09000015,40.75770569
20/10/2021,42.09999847,42.11999893,22788300,43.11000061,42.79999924,41.44522858
21/10/2021,42.43000031,43.06000137,22142300,43.09000015,42.86000061,41.50333405
22/10/2021,42.63000107,42.81999969,17183000,43.18999863,43.15999985,41.79383469
25/10/2021,42.56999969,43.20000076,22846200,43.24000168,43.15000153,41.78415298
26/10/2021,42.91999817,43.33000183,29729100,43.75999832,43.56000137,42.18117142
27/10/2021,42.68000031,43.45999908,22317500,43.56000137,42.97000122,41.60984802
28/10/2021,42.93999863,42.95000076,18023400,43.66999817,43.18000031,41.8132019
29/10/2021,42.86000061,43.09000015,30307500,43.83000183,43.74000168,42.35548019
1/11/2021,43.43999863,44.13999939,32681500,44.29000092,43.63999939,42.25864029
2/11/2021,43.04999924,45.08000183,69248000,46.04000092,45.45000076,44.01134872
3/11/2021,44.47999954,45.52000046,44593100,45.99000168,44.81999969,43.40129089
4/11/2021,43.31000137,44.29000092,38172500,44.47000122,43.84999847,42.83471298
5/11/2021,46.54999924,48.09000015,173959100,48.81000137,48.61000061,47.48450851
8/11/2021,47.59999847,48.61000061,57423300,48.79000092,48.33000183,47.21098709
9/11/2021,47.15000153,48.33000183,29920400,48.38000107,47.29999924,46.2048378
10/11/2021,47.40000153,47.40000153,42696200,49.20999908,49.02000046,47.88501358
11/11/2021,48.72999954,49.22999954,42370400,50.5,50.18000031,49.01815414
12/11/2021,49.56999969,50.41999817,27780600,50.49000168,49.72999954,48.57857132
15/11/2021,49.36999893,49.72999954,27763200,50.09999847,49.65000153,48.50042343
16/11/2021,48.88999939,49.47000122,31297200,50.15999985,49.59999847,48.45158386
17/11/2021,49.68999863,49.93999863,36889800,51.09000015,50.86999893,49.69217682
18/11/2021,50.61000061,51.09999847,32872600,51.70999908,51.40999985,50.21967316
19/11/2021,50.68000031,51.95999908,47966200,52.84000015,50.79999924,49.62379837
22/11/2021,50.38000107,50.95000076,27287900,51.47000122,51.20000076,50.014534
23/11/2021,50.29999924,50.58000183,24946200,51.45000076,51.08000183,49.89731979
24/11/2021,50.70999908,51.18000031,18556800,51.33000183,50.88999939,49.7117157
26/11/2021,53.25,54.04000092,66561300,54.93999863,54,52.74971008
29/11/2021,52.11000061,55.15000153,72660800,55.70000076,52.40000153,51.18675613
30/11/2021,51.90999985,52.31000137,64598400,54.45999908,53.72999954,52.4859581
1/12/2021,51.86000061,52.47000122,59810400,55.16999817,54.68000031,53.41396713
2/12/2021,52.77000046,53.81999969,46361700,55.08000183,53.04000092,51.81193542
3/12/2021,53.09999847,53.70999908,37574800,54.40999985,54.27000046,53.01345825
6/12/2021,51.25,53.77999878,53724000,53.88999939,51.47999954,50.28805542
7/12/2021,50.40000153,51.25,41575400,52.5,51.72000122,50.52249908
8/12/2021,51.02999878,52.75,37429200,53.08000183,51.40000153,50.20991135
9/12/2021,51.50999832,51.50999832,38325700,52.84999847,52.08000183,50.87416458
10/12/2021,51.11000061,51.20000076,26079400,52.84999847,52.77999878,51.55795288
13/12/2021,53.43999863,53.43999863,54923200,55.72999954,55.20000076,53.92192078
14/12/2021,54.31999969,54.77000046,48685700,55.95000076,55.54000092,54.25405502
15/12/2021,55.88999939,56.11000061,75202900,58.91999817,58.79999924,57.43856812
16/12/2021,57.75,58.36000061,75183600,61.43000031,61.25,59.83184433
17/12/2021,58.70000076,59.93000031,104192100,61.18999863,59.47999954,58.10282516
20/12/2021,59.83000183,60.59999847,55712200,61.70999908,61.02000046,59.6071701
21/12/2021,57.15999985,60.00999832,63877900,60.04000092,58.95000076,57.58509827
22/12/2021,58.22000122,59.25,62594900,60.59000015,59.54999924,58.17120361
23/12/2021,58.31000137,59.81999969,39203200,60.08000183,58.70999908,57.3506546
27/12/2021,58.22999954,58.84999847,27362600,59.38000107,59.20000076,57.82931137
28/12/2021,57.08000183,59.04999924,36901700,59.45000076,58.00999832,56.66686249
29/12/2021,57.06999969,57.31000137,26170200,58.02999878,57.58000183,56.24681854
30/12/2021,57.52999878,57.75,24559000,58.74000168,58.40000153,57.04783249
31/12/2021,58.43999863,58.52999878,28579600,59.79999924,59.04999924,57.6827774
3/1/2022,56.34000015,58.5,57219200,58.54999924,56.65000153,55.3383522
4/1/2022,53.93999863,56.22000122,66993100,56.43000031,54.52999878,53.26743698
5/1/2022,55.36999893,55.84000015,52956400,56.43999863,55.63000107,54.34197235
6/1/2022,54.49000168,55.15999985,37000400,55.63000107,54.84000015,53.57025909
7/1/2022,54.63000107,55.36000061,27703400,55.77000046,55.72000122,54.42988205
10/1/2022,54.74000168,55.70999908,34044700,56.25999832,56.24000168,54.93784714
13/01/2022,55.22000122,56.52999878,28117900,56.75,55.54000092,54.25405502
14/01/2022,54.50999832,54.97999954,27072500,55.38000107,54.95000076,53.6777153
18/01/2022,53.43000031,54.5,35598000,54.54999924,54.11000061,52.85715866
19/01/2022,53.45000076,53.65000153,27300400,54.49000168,53.54000092,52.30036163
20/01/2022,53.06999969,53.95999908,35105300,54.52000046,54.04999924,52.79854965
21/01/2022,52.45999908,54.41999817,41059000,54.86999893,52.79000092,51.56772232
24/01/2022,49.81999969,51.75,59036400,52.06000137,51.54000092,50.34666824
25/01/2022,51.24000168,51.36000061,43983200,52.84000015,52.54000092,51.32351303
26/01/2022,52.45999908,52.56999969,39644800,53.61999893,53.00999832,51.78262711
27/01/2022,53,53.02000046,36957200,54.58000183,53.36999893,52.5306778
28/01/2022,53.09999847,53.77000046,28590400,54.66999817,54.33000183,53.47558212
31/01/2022,52.38999939,54,38644600,54.13999939,52.68999863,51.8613739
1/2/2022,52.38999939,52.74000168,27883300,53.15999985,53.06999969,52.23539734
2/2/2022,52.45000076,52.84000015,32039300,54.13000107,53.86000061,53.01297379
3/2/2022,53.09000015,53.33000183,22635800,53.88999939,53.38000107,52.54052353
4/2/2022,52.63000107,53.02000046,24932200,53.43000031,53,52.16649628
7/2/2022,52.24000168,53.29999924,32358500,53.58000183,53.20999908,52.37319565
8/2/2022,49.68999863,50.63999939,67922000,51.79999924,51.70000076,50.88694382
9/2/2022,50.90000153,51.63999939,38522200,51.72000122,51.47000122,50.66056061
10/2/2022,50.38999939,51.04000092,34200600,51.36999893,50.59999847,49.80423737
14/02/2022,48.47999954,49.81999969,42973100,50.5,49.79999924,49.01682281
15/02/2022,49.20999908,49.79999924,29150000,50.04000092,49.79000092,49.0069809
16/02/2022,49.43000031,49.59000015,27672600,50.77999878,49.68000031,48.89870834
17/02/2022,48.75,49.81000137,21231700,49.95999908,48.90000153,48.13097763
18/02/2022,48.20000076,48.77999878,26955300,49.52000046,48.52999878,47.76679611
22/02/2022,47.34999847,47.54000092,34814800,48.31000137,47.52999878,46.78252029
23/02/2022,46.77999878,47.59000015,25793000,48.15999985,46.86999893,46.13290024
24/02/2022,45.40000153,45.86000061,44227300,46.75999832,45.95999908,45.23721313
25/02/2022,45.74000168,45.81000137,31199200,48.02999878,47.72000122,46.96953201
28/02/2022,46.34000015,46.81999969,35296100,47.16999817,46.93999863,46.20179749
1/3/2022,45.43999863,46.68999863,29854500,47.13999939,45.75,45.03051376
2/3/2022,46,46.11000061,36516200,47.93000031,47.70000076,46.94984818
3/3/2022,47.47999954,47.68000031,30553300,48.59000015,47.83000183,47.07780457
4/3/2022,47.40999985,47.5,33217300,48.77000046,48.65000153,47.88490677
7/3/2022,47.52000046,48.25,33171300,48.84000015,47.97999954,47.22544479
8/3/2022,46.47000122,47.58000183,32913300,48.41999817,47.43999863,46.69393539
9/3/2022,48,48.13000107,24718900,49.22000122,48.75,47.98333359
10/3/2022,48.04999924,48.31000137,24542300,49.29000092,49.20000076,48.42625809
14/03/2022,50.38999939,50.72000122,42314500,52.90999985,52.25,51.42829514
15/03/2022,51.18000031,52.61999893,30172100,52.91999817,52.20999908,51.38892365
16/03/2022,52.18000031,52.54000092,29891400,53.27000046,52.91999817,52.0877533
17/03/2022,52.79000092,52.91999817,30598600,54.25,54.24000168,53.38700104
18/03/2022,53.70999908,54.38000107,51815000,55,54.50999832,53.65274811
21/03/2022,53.90000153,54.24000168,34592500,55.29999924,54.18999863,53.33778381
22/03/2022,52.5,54.20000076,32253600,54.31999969,53.04000092,52.20587158
23/03/2022,52.15999985,53.02000046,29183700,53.5,52.18999863,51.36923599
24/03/2022,52.29000092,52.54000092,25177500,52.84999847,52.59000015,51.76294708
25/03/2022,52.50999832,52.74000168,17429600,53.25,52.77999878,51.9499588
28/03/2022,52.5,52.52999878,21863700,53.56000137,53.27999878,52.44209671
29/03/2022,52.61999893,54,39970000,54.08000183,52.74000168,51.91059113
30/03/2022,51.97000122,53.20000076,27599600,53.72000122,52.43999863,51.61530304
31/03/2022,51.74000168,52,26055200,52.88000107,51.77000046,50.95584488
1/4/2022,51.09999847,52.11999893,19073100,52.15999985,51.56999969,50.75898743
4/4/2022,50.36999893,51.77999878,20462800,51.86999893,50.93999863,50.13889313
5/4/2022,50.75,50.81000137,21176700,52.15000153,51.24000168,50.4341774
6/4/2022,51.15999985,51.15999985,31717500,53.09000015,52.86999893,52.03853989
7/4/2022,52.5,52.5,36305700,55.40999985,55.15999985,54.29253006
8/4/2022,54.45999908,54.84999847,24612200,55.58000183,55.16999817,54.30237198
13/04/2022,52.70000076,53.13000107,15777800,53.81999969,53.09999847,52.2649231
14/04/2022,53.04000092,53.40000153,17240100,53.90999985,53.11999893,52.28461075
18/04/2022,51.63000107,52.83000183,17065000,53.11000061,51.84000015,51.02474213
19/04/2022,49.36999893,51.65999985,33441500,51.88000107,50.18000031,49.39084625
20/04/2022,49.20999908,50,24751800,50.15999985,49.75,48.96760941
21/04/2022,48.91999817,49.93000031,19105600,50.00999832,49.11000061,48.33767319
22/04/2022,47.90000153,48.95000076,22156800,49.09999847,48.13000107,47.37308502
25/04/2022,47.11999893,47.84999847,27390600,49.18999863,48.95000076,48.18019104
26/04/2022,48.91999817,48.99000168,25366500,50.25,49.02999878,48.25893402
27/04/2022,48.20999908,49.11000061,25819200,49.90999985,49.74000168,48.95776749
28/04/2022,49.49000168,50.43999863,28225400,50.77000046,50.50999832,49.71565247
29/04/2022,49,49.86999893,28343300,50.34000015,49.06999969,48.2983017
2/5/2022,47.45999908,47.68000031,36228400,48.75999832,48.34000015,47.57978439
3/5/2022,47.70000076,48.86999893,33716900,50.04000092,49.29000092,48.51484299
4/5/2022,47.90999985,48.88999939,28613700,49.86999893,49.65999985,48.87902451
5/5/2022,47.54999924,49.45999908,28333000,49.54999924,48.45000076,47.68805695
6/5/2022,48.04000092,48.09000015,19891400,49.22000122,49.04000092,48.26877594
9/5/2022,47.77000046,48.38000107,25012300,49.16999817,48.63999939,47.87506485
10/5/2022,48.68999863,49.04000092,27335900,49.90000153,49.49000168,48.71170044
13/05/2022,49.68000031,50.38000107,22423700,50.79000092,49.91999817,49.53562927
16/05/2022,49.86999893,49.86999893,19435600,51.04999924,50.66999817,50.27985382
17/05/2022,50.18000031,50.95000076,19918200,51.52000046,51.34000015,50.94469452
18/05/2022,50.15999985,51.22000122,22276000,51.41999817,50.40000153,50.01193619
19/05/2022,49.59000015,50,19865500,50.88999939,50.65000153,50.26000977
20/05/2022,51.13000107,51.27000046,31250400,52.70000076,52.47000122,52.06599808
23/05/2022,52.47999954,52.58000183,24035800,53.70000076,52.88000107,52.47283936
24/05/2022,52.70999908,52.70999908,26729800,53.61000061,53.40999985,52.99875641
25/05/2022,53.04999924,53.20000076,24003900,54.04999924,53.70999908,53.29644775
26/05/2022,53.88000107,54.06000137,23516300,54.91999817,53.99000168,53.57429504
27/05/2022,53.52000046,53.91999817,21407500,54.40999985,53.90999985,53.49490738
31/05/2022,51.93999863,53.31999969,66058200,53.5,53.04000092,52.63160706
1/6/2022,51.84000015,53.25,17430600,53.27999878,52.36999893,51.96676254
2/6/2022,51.04000092,52.36999893,21903400,52.74000168,52.68000031,52.27437973
3/6/2022,52.45999908,52.45999908,18125000,53.52999878,53.20000076,52.79037476
6/6/2022,53,53.18999863,16544400,53.72000122,53.25999832,52.84991074
7/6/2022,53.00999832,53.27999878,15091200,53.97000122,53.95999908,53.54452133
8/6/2022,53.40999985,54.06000137,12789800,54.56000137,53.47000122,53.0582962
9/6/2022,51.70000076,53.27000046,17572700,53.65000153,51.77999878,51.38130569
10/6/2022,49.95000076,51.31000137,23826000,51.36999893,49.97000122,49.58524704
13/06/2022,47.70999908,48.81999969,26989000,49.27999878,47.90999985,47.54110718
14/06/2022,47.22000122,47.75,23290300,48.47000122,47.91999817,47.55102539
15/06/2022,47.18000031,47.88000107,25748000,48.97999954,48.50999832,48.13648605
16/06/2022,47.06000137,47.68999863,20424500,48,47.47999954,47.11441803
17/06/2022,46.27999878,47.38000107,45047700,48.02999878,46.52999878,46.17173004
21/06/2022,46.95000076,47.31999969,19622100,48.43999863,48.11000061,47.7395668
22/06/2022,47.77000046,48.02999878,20382900,49.58000183,49.06999969,48.692173
23/06/2022,48.97999954,49.22999954,20061700,50.16999817,50.09000015,49.704319
24/06/2022,50.29999924,50.65000153,24343200,51.63999939,51.59000015,51.19277191
27/06/2022,51.25999832,51.47999954,16154300,52.22999954,51.88000107,51.48053741
28/06/2022,50.40999985,51.83000183,16417900,51.97000122,50.65999985,50.26993179
29/06/2022,50.65999985,50.72999954,13925700,51.43999863,50.93999863,50.54777527
30/06/2022,51.09000015,51.68999863,33495700,52.88999939,52.43000031,52.02630234
1/7/2022,51.25,52.04000092,16143300,52.36999893,52.31000137,51.90723038
5/7/2022,50.40000153,51.75,18406800,51.88999939,51.63999939,51.24238586
6/7/2022,51.58000183,51.63999939,21305500,52.95999908,52.75,52.34383774
7/7/2022,52.79000092,52.95000076,17847600,53.54000092,53.41999817,53.00867844
8/7/2022,52.75999832,53.04999924,11322700,53.91999817,53.16999817,52.76060486
13/07/2022,51.50999832,51.86000061,12927300,52.31000137,51.79000092,51.39123154
14/07/2022,50.63000107,50.75,14023800,51.59000015,51.38999939,50.99430847
15/07/2022,50.43000031,51.04000092,19885700,51.90999985,51.75,51.35153961
18/07/2022,50.52000046,51.95999908,15742900,51.97000122,50.75,50.35923767
19/07/2022,50.61000061,51.04000092,13402100,51.50999832,51.36999893,50.97446442
20/07/2022,50.50999832,51.38999939,12774400,51.45999908,50.81999969,50.42869949
21/07/2022,50.18000031,50.56999969,15103800,51.13999939,51.11999893,50.72638702
22/07/2022,50.95000076,51.25999832,10932100,51.52999878,51.22999954,50.83554077
25/07/2022,51.34000015,51.34000015,12995800,51.88000107,51.77000046,51.37138367
26/07/2022,51.70999908,51.84000015,16632500,52.84999847,52.29999924,51.89730453
27/07/2022,51.18999863,51.93999863,19203500,52.25,51.95000076,51.54999924
28/07/2022,49.09999847,50.84999847,38984900,52.33000183,50.72000122,50.72000122
29/07/2022,49.27999878,50.56000137,25037900,50.70999908,50.50999832,50.50999832
1/8/2022,50.15000153,50.31999969,19709900,51.29999924,50.61000061,50.61000061
2/8/2022,49.63000107,50.90000153,17802000,51.47000122,49.68999863,49.68999863
3/8/2022,49.34000015,49.79000092,16500100,50.06999969,49.86000061,49.86000061
4/8/2022,49.20999908,49.90000153,17026300,50.04999924,49.86000061,49.86000061
5/8/2022,49.06000137,49.63999939,16376600,49.97000122,49.27000046,49.27000046
8/8/2022,48.93999863,49.38999939,16071800,49.81000137,49.56999969,49.56999969
9/8/2022,49.52000046,49.75,12095600,50.11000061,49.77999878,49.77999878
10/8/2022,49.38000107,49.93000031,17355100,50.04999924,49.95000076,49.95000076
15/08/2022,49.38999939,49.97000122,15797800,50.06999969,49.75,49.75
16/08/2022,49.36000061,49.38000107,12874800,50.18000031,49.86000061,49.86000061
17/08/2022,49.25,49.65000153,13607200,49.86000061,49.27000046,49.27000046
18/08/2022,48.38000107,49.38999939,18916300,49.52000046,48.58000183,48.58000183
19/08/2022,48.72999954,48.84000015,15350200,49.45000076,49.15000153,49.15000153
22/08/2022,48.74000168,49.20999908,13601200,49.40000153,48.90000153,48.90000153
23/08/2022,47.75999832,48.41999817,16248900,48.52000046,48.00999832,48.00999832
24/08/2022,47.38000107,47.90000153,15551500,48.00999832,47.43000031,47.43000031
25/08/2022,47.27000046,47.52000046,14460000,47.95000076,47.90000153,47.90000153
26/08/2022,46.70000076,47.61999893,16546700,47.95999908,46.81999969,46.81999969
29/08/2022,46.11999893,46.38000107,13400500,46.68999863,46.22999954,46.22999954
30/08/2022,45.79999924,46.34000015,16303000,46.34999847,45.84999847,45.84999847
31/08/2022,45.13000107,46.00999832,26416800,46.29000092,45.22999954,45.22999954
1/9/2022,45.13999939,45.13999939,19947600,46.65000153,46.63000107,46.63000107
2/9/2022,45.52999878,46.74000168,14662700,46.79999924,45.70000076,45.70000076
6/9/2022,45.52999878,45.95999908,17153500,46.43999863,45.75999832,45.75999832
7/9/2022,45.38000107,45.70000076,15378900,46.20999908,46.13000107,46.13000107
8/9/2022,45.86999893,46.02000046,18271000,47.11999893,47.08000183,47.08000183
9/9/2022,47.09999847,47.20000076,17501700,47.99000168,47.84000015,47.84000015
13/09/2022,46.02000046,47.13000107,16603200,47.31999969,46.18999863,46.18999863
14/09/2022,45.77999878,46.20000076,17162500,46.40999985,46.15000153,46.15000153
15/09/2022,45.70000076,46.11000061,15802000,46.29000092,45.93999863,45.93999863
16/09/2022,45.63999939,46.09000015,30628200,46.61999893,46.02999878,46.02999878
19/09/2022,44.77999878,45.68000031,16256200,45.88000107,45.43999863,45.43999863
20/09/2022,44.43999863,45,15369000,45.27000046,44.77000046,44.77000046
21/09/2022,43.90000153,44.81000137,17505200,44.97999954,43.91999817,43.91999817
22/09/2022,43.52000046,43.66999817,18508100,45,44.56999969,44.56999969
23/09/2022,43.58000183,44.43999863,18865300,44.56000137,44.08000183,44.08000183
26/09/2022,43.66999817,43.81000137,18680200,44.33000183,43.83000183,43.83000183
27/09/2022,43.74000168,44.22000122,21562700,44.58000183,44.09000015,44.09000015
28/09/2022,44.22000122,44.66999817,16532600,44.81000137,44.43000031,44.43000031
29/09/2022,43.95000076,44.40999985,13559900,44.61999893,44.15999985,44.15999985
30/09/2022,43.72999954,44.16999817,22956900,44.61000061,43.75999832,43.75999832
3/10/2022,43.49000168,44.06999969,22834300,44.27999878,44.13999939,44.13999939
4/10/2022,44.09000015,44.25,28198800,44.84000015,44.45999908,44.45999908
5/10/2022,43.68000031,44.11999893,15673400,44.36999893,44.11999893,44.11999893
6/10/2022,43.04000092,43.75999832,22068200,43.77999878,43.09000015,43.09000015
7/10/2022,41.91999817,43.04999924,20093100,43.04999924,42.31999969,42.31999969
10/10/2022,41.75,42.34999847,17888000,42.61999893,41.75,41.75
13/10/2022,41.70000076,41.75999832,23135200,43.15999985,42.97999954,42.97999954
14/10/2022,42.36000061,42.88999939,16980500,43.38000107,42.86000061,42.86000061
17/10/2022,43.18999863,43.18999863,16678400,43.81000137,43.65000153,43.65000153
18/10/2022,43.61999893,44.04999924,18442800,44.36000061,44.09000015,44.09000015
19/10/2022,42.74000168,43.90999985,23054700,44.06999969,43.11000061,43.11000061
20/10/2022,42.81999969,43.27000046,17715000,43.40999985,42.90999985,42.90999985
21/10/2022,42.99000168,43.31000137,36572600,45.15999985,44.95000076,44.95000076
24/10/2022,44.98500061,45.07500076,7503350,45.86999893,45.74499893,45.74499893
